id_unidade;unidade;natureza_despesa;ano;valor
1490;ACERTOS DE DÉBITOS EM GERAL;OBRIGAÇÕES CONTRIBUTIVAS;2005.0;R$       270.000,00
1490;ACERTOS DE DÉBITOS EM GERAL;MATERIAL DE CONSUMO;2005.0;R$       433.219,54
1490;ACERTOS DE DÉBITOS EM GERAL;SERV. PESSOA JURÍDICA;2005.0;R$       376.475,99
1490;ACERTOS DE DÉBITOS EM GERAL;EQUIP. MATERIAL PERMANENTE;2005.0;R$        84.533,60
1490;ACERTOS DE DÉBITOS EM GERAL;OBRAS E INSTALAÇÕES;2005.0;R$     6.145.310,52
1457;ACERVO BIBLIOGRÁFICO;SERV. PESSOA JURÍDICA;2005.0;R$           342,00
1457;ACERVO BIBLIOGRÁFICO;MATERIAL DE CONSUMO;2005.0;R$       806.322,70
21;BIBLIOTECA CENTRAL ZILA MAMEDE;PASSAGENS;2005.0;R$        15.850,18
21;BIBLIOTECA CENTRAL ZILA MAMEDE;LOC. MÃO-DE-OBRA;2005.0;R$       333.784,91
21;BIBLIOTECA CENTRAL ZILA MAMEDE;DIÁRIAS;2005.0;R$        16.065,96
21;BIBLIOTECA CENTRAL ZILA MAMEDE;SERV. PESSOA JURÍDICA;2005.0;R$        74.851,43
21;BIBLIOTECA CENTRAL ZILA MAMEDE;EQUIP. MATERIAL PERMANENTE;2005.0;R$         4.438,10
21;BIBLIOTECA CENTRAL ZILA MAMEDE;MATERIAL DE CONSUMO;2005.0;R$        65.561,59
1472;BOLSA DE APOIO ADMINISTRATIVO E APOIO TÉCNICO DA UFRN;AUX. FINANCEIRO ESTUDANTE;2005.0;R$     1.025.398,62
1485;BOLSA DE APOIO ADMINISTRATIVO E APOIO TÉCNICO DOS CENTRO;SERV. PESSOA JURÍDICA;2005.0;R$        68.235,00
1485;BOLSA DE APOIO ADMINISTRATIVO E APOIO TÉCNICO DOS CENTRO;MATERIAL DE CONSUMO;2005.0;R$        22.950,00
1485;BOLSA DE APOIO ADMINISTRATIVO E APOIO TÉCNICO DOS CENTRO;AUX. FINANCEIRO ESTUDANTE;2005.0;R$       792.221,60
1486;BOLSA PPQ INDUÇÃO;AUX. FINANCEIRO ESTUDANTE;2005.0;R$        66.068,20
1473;BOLSAS EXTENSÃO;AUX. FINANCEIRO ESTUDANTE;2005.0;R$       438.525,00
1474;BOLSAS PESQUISA;AUX. FINANCEIRO ESTUDANTE;2005.0;R$       611.300,00
440;CENTRO DE BIOCIÊNCIAS;MATERIAL DE CONSUMO;2005.0;R$       310.666,91
440;CENTRO DE BIOCIÊNCIAS;AUX. FINANCEIRO ESTUDANTE;2005.0;R$        11.150,00
440;CENTRO DE BIOCIÊNCIAS;DIÁRIAS;2005.0;R$        40.386,00
440;CENTRO DE BIOCIÊNCIAS;EQUIP. MATERIAL PERMANENTE;2005.0;R$        19.018,00
440;CENTRO DE BIOCIÊNCIAS;LOC. MÃO-DE-OBRA;2005.0;R$        88.000,00
440;CENTRO DE BIOCIÊNCIAS;PASSAGENS;2005.0;R$        87.433,04
440;CENTRO DE BIOCIÊNCIAS;OBRIGAÇÕES CONTRIBUTIVAS;2005.0;R$         2.086,00
440;CENTRO DE BIOCIÊNCIAS;SERV. PESSOA FÍSICA;2005.0;R$        12.992,50
440;CENTRO DE BIOCIÊNCIAS;SERV. PESSOA JURÍDICA;2005.0;R$       958.417,44
441;CENTRO DE CIÊNCIAS DA SAÚDE;DIÁRIAS;2005.0;R$        40.000,00
441;CENTRO DE CIÊNCIAS DA SAÚDE;SERV. PESSOA JURÍDICA;2005.0;R$       576.076,66
441;CENTRO DE CIÊNCIAS DA SAÚDE;PASSAGENS;2005.0;R$        64.460,00
441;CENTRO DE CIÊNCIAS DA SAÚDE;MATERIAL DE CONSUMO;2005.0;R$       508.841,91
441;CENTRO DE CIÊNCIAS DA SAÚDE;LOC. MÃO-DE-OBRA;2005.0;R$       403.783,00
441;CENTRO DE CIÊNCIAS DA SAÚDE;EQUIP. MATERIAL PERMANENTE;2005.0;R$        15.672,40
441;CENTRO DE CIÊNCIAS DA SAÚDE;DIV.EXERCÍCIOS ANTERIORES;2005.0;R$           960,00
441;CENTRO DE CIÊNCIAS DA SAÚDE;AUX. FINANCEIRO ESTUDANTE;2005.0;R$        65.062,50
439;CENTRO DE CIÊNCIAS EXATAS E DA TERRA;OUTRAS DESPESAS CORRENTES-APLICAÇÕES DIRETA;2005.0;R$       422.970,25
439;CENTRO DE CIÊNCIAS EXATAS E DA TERRA;MATERIAL DE CONSUMO;2005.0;R$       314.389,01
439;CENTRO DE CIÊNCIAS EXATAS E DA TERRA;LOC. MÃO-DE-OBRA;2005.0;R$       114.000,00
439;CENTRO DE CIÊNCIAS EXATAS E DA TERRA;EQUIP. MATERIAL PERMANENTE;2005.0;R$       112.347,58
439;CENTRO DE CIÊNCIAS EXATAS E DA TERRA;DIÁRIAS;2005.0;R$        35.150,00
439;CENTRO DE CIÊNCIAS EXATAS E DA TERRA;AUX. FINANCEIRO ESTUDANTE;2005.0;R$        48.308,60
439;CENTRO DE CIÊNCIAS EXATAS E DA TERRA;PASSAGENS;2005.0;R$        45.850,00
439;CENTRO DE CIÊNCIAS EXATAS E DA TERRA;SERV. PESSOA FÍSICA;2005.0;R$         1.920,00
439;CENTRO DE CIÊNCIAS EXATAS E DA TERRA;SERV. PESSOA JURÍDICA;2005.0;R$       807.944,72
442;CENTRO DE CIÊNCIAS HUMANAS, LETRAS E ARTES;SERV. PESSOA JURÍDICA;2005.0;R$       507.007,34
442;CENTRO DE CIÊNCIAS HUMANAS, LETRAS E ARTES;SERV. PESSOA FÍSICA;2005.0;R$        14.522,55
442;CENTRO DE CIÊNCIAS HUMANAS, LETRAS E ARTES;LOC. MÃO-DE-OBRA;2005.0;R$       142.108,99
442;CENTRO DE CIÊNCIAS HUMANAS, LETRAS E ARTES;MATERIAL DE CONSUMO;2005.0;R$       229.204,68
442;CENTRO DE CIÊNCIAS HUMANAS, LETRAS E ARTES;OBRIGAÇÕES CONTRIBUTIVAS;2005.0;R$         2.000,00
442;CENTRO DE CIÊNCIAS HUMANAS, LETRAS E ARTES;PASSAGENS;2005.0;R$        43.137,00
442;CENTRO DE CIÊNCIAS HUMANAS, LETRAS E ARTES;DIÁRIAS;2005.0;R$        32.136,96
442;CENTRO DE CIÊNCIAS HUMANAS, LETRAS E ARTES;DIV.EXERCÍCIOS ANTERIORES;2005.0;R$        40.741,94
442;CENTRO DE CIÊNCIAS HUMANAS, LETRAS E ARTES;EQUIP. MATERIAL PERMANENTE;2005.0;R$        61.292,90
442;CENTRO DE CIÊNCIAS HUMANAS, LETRAS E ARTES;AUX. FINANCEIRO ESTUDANTE;2005.0;R$        73.070,00
443;CENTRO DE CIÊNCIAS SOCIAIS APLICADAS;PASSAGENS;2005.0;R$        32.934,16
443;CENTRO DE CIÊNCIAS SOCIAIS APLICADAS;SERV. PESSOA JURÍDICA;2005.0;R$       715.481,87
443;CENTRO DE CIÊNCIAS SOCIAIS APLICADAS;SERV. PESSOA FÍSICA;2005.0;R$         5.040,94
443;CENTRO DE CIÊNCIAS SOCIAIS APLICADAS;OBRIGAÇÕES CONTRIBUTIVAS;2005.0;R$           960,19
443;CENTRO DE CIÊNCIAS SOCIAIS APLICADAS;MATERIAL DE CONSUMO;2005.0;R$       167.246,21
443;CENTRO DE CIÊNCIAS SOCIAIS APLICADAS;LOC. MÃO-DE-OBRA;2005.0;R$       175.210,00
443;CENTRO DE CIÊNCIAS SOCIAIS APLICADAS;EQUIP. MATERIAL PERMANENTE;2005.0;R$         7.869,00
443;CENTRO DE CIÊNCIAS SOCIAIS APLICADAS;DIV.EXERCÍCIOS ANTERIORES;2005.0;R$         8.839,50
443;CENTRO DE CIÊNCIAS SOCIAIS APLICADAS;DIÁRIAS;2005.0;R$        22.507,42
443;CENTRO DE CIÊNCIAS SOCIAIS APLICADAS;AUX. FINANCEIRO ESTUDANTE;2005.0;R$        63.537,50
1482;CENTRO DE  ENSINO SUPERIOR DO SERIDÓ;DIV.EXERCÍCIOS ANTERIORES;2005.0;R$         7.486,00
1482;CENTRO DE  ENSINO SUPERIOR DO SERIDÓ;PASSAGENS;2005.0;R$        36.729,00
1482;CENTRO DE  ENSINO SUPERIOR DO SERIDÓ;MATERIAL DE CONSUMO;2005.0;R$       127.369,96
1482;CENTRO DE  ENSINO SUPERIOR DO SERIDÓ;DIÁRIAS;2005.0;R$        35.000,00
1482;CENTRO DE  ENSINO SUPERIOR DO SERIDÓ;SERV. PESSOA FÍSICA;2005.0;R$         8.200,00
1482;CENTRO DE  ENSINO SUPERIOR DO SERIDÓ;SERV. PESSOA JURÍDICA;2005.0;R$       175.407,27
1482;CENTRO DE  ENSINO SUPERIOR DO SERIDÓ;LOC. MÃO-DE-OBRA;2005.0;R$        89.000,00
1482;CENTRO DE  ENSINO SUPERIOR DO SERIDÓ;EQUIP. MATERIAL PERMANENTE;2005.0;R$         2.625,00
1482;CENTRO DE  ENSINO SUPERIOR DO SERIDÓ;AUX. FINANCEIRO ESTUDANTE;2005.0;R$        33.777,50
445;CENTRO DE TECNOLOGIA;SERV. PESSOA JURÍDICA;2005.0;R$       672.747,82
445;CENTRO DE TECNOLOGIA;AUX. FINANCEIRO ESTUDANTE;2005.0;R$        44.625,00
445;CENTRO DE TECNOLOGIA;DIÁRIAS;2005.0;R$        45.930,00
445;CENTRO DE TECNOLOGIA;DIV.EXERCÍCIOS ANTERIORES;2005.0;R$         8.318,36
445;CENTRO DE TECNOLOGIA;EQUIP. MATERIAL PERMANENTE;2005.0;R$        26.940,50
445;CENTRO DE TECNOLOGIA;LOC. MÃO-DE-OBRA;2005.0;R$       150.000,00
445;CENTRO DE TECNOLOGIA;MATERIAL DE CONSUMO;2005.0;R$       292.977,59
445;CENTRO DE TECNOLOGIA;OBRIGAÇÕES CONTRIBUTIVAS;2005.0;R$         3.192,00
445;CENTRO DE TECNOLOGIA;OUTRAS DESPESAS CORRENTES-APLICAÇÕES DIRETA;2005.0;R$       373.043,37
445;CENTRO DE TECNOLOGIA;PASSAGENS;2005.0;R$        75.613,98
445;CENTRO DE TECNOLOGIA;SERV. PESSOA FÍSICA;2005.0;R$        24.000,00
1489;CENTROS ACADEMICOS/XEROX E CANTINAS;AUX. FINANCEIRO ESTUDANTE;2005.0;R$        11.397,67
1477;CIENTEC;PASSAGENS;2005.0;R$         2.500,00
1477;CIENTEC;MATERIAL DE CONSUMO;2005.0;R$        47.516,14
1477;CIENTEC;OBRIGAÇÕES CONTRIBUTIVAS;2005.0;R$           390,00
1477;CIENTEC;PREMIAÇÕES CULT., E OUTRAS;2005.0;R$           660,00
1477;CIENTEC;SERV. PESSOA FÍSICA;2005.0;R$         1.950,00
1477;CIENTEC;SERV. PESSOA JURÍDICA;2005.0;R$       169.621,80
1466;CNPQ/IMPORTAÇÃO;EQUIP. MATERIAL PERMANENTE;2005.0;R$       520.184,79
1466;CNPQ/IMPORTAÇÃO;SERV. PESSOA JURÍDICA;2005.0;R$        33.615,01
1466;CNPQ/IMPORTAÇÃO;MATERIAL DE CONSUMO;2005.0;R$        20.743,26
1453;COMISSÃO DE ENERGIA ELÉTRICA;SERV. PESSOA JURÍDICA;2005.0;R$       102.934,05
1453;COMISSÃO DE ENERGIA ELÉTRICA;MATERIAL DE CONSUMO;2005.0;R$        55.723,20
1498;COMISSÃO DE ÉTICA EM PESQUISAS;EQUIP. MATERIAL PERMANENTE;2005.0;R$           708,00
326;COMPLEXO HOSPITALAR E DE SAÚDE;PASSAGENS;2005.0;R$         2.471,87
326;COMPLEXO HOSPITALAR E DE SAÚDE;MATERIAL DE CONSUMO;2005.0;R$           643,90
326;COMPLEXO HOSPITALAR E DE SAÚDE;SERV. PESSOA JURÍDICA;2005.0;R$       628.358,12
326;COMPLEXO HOSPITALAR E DE SAÚDE;DIÁRIAS;2005.0;R$           229,09
326;COMPLEXO HOSPITALAR E DE SAÚDE;AUX. FINANCEIRO ESTUDANTE;2005.0;R$         1.650,00
326;COMPLEXO HOSPITALAR E DE SAÚDE;EQUIP. MATERIAL PERMANENTE;2005.0;R$         3.104,50
1484;CONCURSOS/PROFESSOR;MATERIAL DE CONSUMO;2005.0;R$        11.650,00
1484;CONCURSOS/PROFESSOR;PASSAGENS;2005.0;R$        28.186,73
1484;CONCURSOS/PROFESSOR;SERV. PESSOA JURÍDICA;2005.0;R$        15.761,04
1484;CONCURSOS/PROFESSOR;SERV. PESSOA FÍSICA;2005.0;R$         1.788,00
1484;CONCURSOS/PROFESSOR;OBRIGAÇÕES CONTRIBUTIVAS;2005.0;R$           357,60
1484;CONCURSOS/PROFESSOR;DIÁRIAS;2005.0;R$         5.318,28
2416;CONVÊNIO MCT 01.0070.0/05;OBRAS E INSTALAÇÕES;2005.0;R$       399.583,80
2416;CONVÊNIO MCT 01.0070.0/05;EQUIP. MATERIAL PERMANENTE;2005.0;R$        16.500,00
1558;CONVENIO SEED 04/2005;EQUIP. MATERIAL PERMANENTE;2005.0;R$        27.180,00
1558;CONVENIO SEED 04/2005;SERV. PESSOA JURÍDICA;2005.0;R$     1.056.245,00
101;COORDENAÇÃO DO CURSO DE ZOOTECNIA;OUTRAS DESPESAS CORRENTES-APLICAÇÕES DIRETA;2005.0;R$         2.628,50
1450;CRUTAC;OBRIGAÇÕES CONTRIBUTIVAS;2005.0;R$           300,00
1450;CRUTAC;SERV. PESSOA JURÍDICA;2005.0;R$       213.121,04
1450;CRUTAC;SERV. PESSOA FÍSICA;2005.0;R$         1.500,00
1450;CRUTAC;PASSAGENS;2005.0;R$           935,10
1450;CRUTAC;MATERIAL DE CONSUMO;2005.0;R$        15.143,80
1450;CRUTAC;LOC. MÃO-DE-OBRA;2005.0;R$        51.277,09
1450;CRUTAC;DIV.EXERCÍCIOS ANTERIORES;2005.0;R$         1.764,00
1450;CRUTAC;DIÁRIAS;2005.0;R$        15.000,00
1475;DAS/PROGESP - DIRETORIA DE QUALIDADE DE VIDA, SAÚDE E SEGURANÇA NO TRABALHO;EQUIP. MATERIAL PERMANENTE;2005.0;R$         3.109,15
1475;DAS/PROGESP - DIRETORIA DE QUALIDADE DE VIDA, SAÚDE E SEGURANÇA NO TRABALHO;SERV. PESSOA JURÍDICA;2005.0;R$        31.301,59
1475;DAS/PROGESP - DIRETORIA DE QUALIDADE DE VIDA, SAÚDE E SEGURANÇA NO TRABALHO;MATERIAL DE CONSUMO;2005.0;R$       118.407,31
1475;DAS/PROGESP - DIRETORIA DE QUALIDADE DE VIDA, SAÚDE E SEGURANÇA NO TRABALHO;LOC. MÃO-DE-OBRA;2005.0;R$         5.165,06
11;DDP/PROGESP - DIRETORIA DE DESENVOLVIMENTO DE PESSOAS;SERV. PESSOA FÍSICA;2005.0;R$        11.877,00
11;DDP/PROGESP - DIRETORIA DE DESENVOLVIMENTO DE PESSOAS;MATERIAL DE CONSUMO;2005.0;R$        42.000,00
11;DDP/PROGESP - DIRETORIA DE DESENVOLVIMENTO DE PESSOAS;SERV. PESSOA JURÍDICA;2005.0;R$        60.150,00
11;DDP/PROGESP - DIRETORIA DE DESENVOLVIMENTO DE PESSOAS;PASSAGENS;2005.0;R$        24.000,00
11;DDP/PROGESP - DIRETORIA DE DESENVOLVIMENTO DE PESSOAS;OBRIGAÇÕES CONTRIBUTIVAS;2005.0;R$         2.375,40
11;DDP/PROGESP - DIRETORIA DE DESENVOLVIMENTO DE PESSOAS;DIÁRIAS;2005.0;R$        14.164,65
1476;DIRETÓRIO CENTRAL DOS ESTUDANTES;AUX. FINANCEIRO ESTUDANTE;2005.0;R$        17.644,20
283;EDITORA UNIVERSITÁRIA;PASSAGENS;2005.0;R$         2.148,30
283;EDITORA UNIVERSITÁRIA;OBRIGAÇÕES CONTRIBUTIVAS;2005.0;R$           936,00
283;EDITORA UNIVERSITÁRIA;MATERIAL DE CONSUMO;2005.0;R$       197.045,07
283;EDITORA UNIVERSITÁRIA;LOC. MÃO-DE-OBRA;2005.0;R$        25.980,49
283;EDITORA UNIVERSITÁRIA;EQUIP. MATERIAL PERMANENTE;2005.0;R$         4.318,82
283;EDITORA UNIVERSITÁRIA;DIÁRIAS;2005.0;R$         4.000,00
283;EDITORA UNIVERSITÁRIA;SERV. PESSOA FÍSICA;2005.0;R$         7.654,04
283;EDITORA UNIVERSITÁRIA;SERV. PESSOA JURÍDICA;2005.0;R$       129.499,01
351;ESCOLA AGRÍCOLA DE JUNDIAÍ;SERV. PESSOA FÍSICA;2005.0;R$         2.000,00
351;ESCOLA AGRÍCOLA DE JUNDIAÍ;SERV. PESSOA JURÍDICA;2005.0;R$       970.210,10
351;ESCOLA AGRÍCOLA DE JUNDIAÍ;AUX. FINANCEIRO ESTUDANTE;2005.0;R$       106.112,50
351;ESCOLA AGRÍCOLA DE JUNDIAÍ;DIÁRIAS;2005.0;R$        42.258,88
351;ESCOLA AGRÍCOLA DE JUNDIAÍ;DIV.EXERCÍCIOS ANTERIORES;2005.0;R$        10.840,85
351;ESCOLA AGRÍCOLA DE JUNDIAÍ;EQUIP. MATERIAL PERMANENTE;2005.0;R$        61.235,00
351;ESCOLA AGRÍCOLA DE JUNDIAÍ;INDENIZAÇÕES E RESTITUIÇÕE;2005.0;R$         9.107,16
351;ESCOLA AGRÍCOLA DE JUNDIAÍ;LOC. MÃO-DE-OBRA;2005.0;R$       633.061,42
351;ESCOLA AGRÍCOLA DE JUNDIAÍ;MATERIAL DE CONSUMO;2005.0;R$     1.043.980,47
351;ESCOLA AGRÍCOLA DE JUNDIAÍ;OBRIGAÇÕES CONTRIBUTIVAS;2005.0;R$           400,00
351;ESCOLA AGRÍCOLA DE JUNDIAÍ;PASSAGENS;2005.0;R$        20.429,82
284;ESCOLA DE MÚSICA;MATERIAL DE CONSUMO;2005.0;R$       134.615,43
284;ESCOLA DE MÚSICA;OBRIGAÇÕES CONTRIBUTIVAS;2005.0;R$         4.364,83
284;ESCOLA DE MÚSICA;PASSAGENS;2005.0;R$        31.884,32
284;ESCOLA DE MÚSICA;SERV. PESSOA FÍSICA;2005.0;R$        25.128,25
284;ESCOLA DE MÚSICA;LOC. MÃO-DE-OBRA;2005.0;R$        85.083,47
284;ESCOLA DE MÚSICA;EQUIP. MATERIAL PERMANENTE;2005.0;R$        32.248,00
284;ESCOLA DE MÚSICA;DIÁRIAS;2005.0;R$        15.947,45
284;ESCOLA DE MÚSICA;AUX. FINANCEIRO ESTUDANTE;2005.0;R$        48.171,07
284;ESCOLA DE MÚSICA;SERV. PESSOA JURÍDICA;2005.0;R$       339.547,71
205;ESCOLA DE SAÚDE;PASSAGENS;2005.0;R$        16.407,69
205;ESCOLA DE SAÚDE;AUX. FINANCEIRO ESTUDANTE;2005.0;R$        22.970,00
205;ESCOLA DE SAÚDE;EQUIP. MATERIAL PERMANENTE;2005.0;R$       126.780,90
205;ESCOLA DE SAÚDE;MATERIAL DE CONSUMO;2005.0;R$        64.473,95
205;ESCOLA DE SAÚDE;OBRAS E INSTALAÇÕES;2005.0;R$        24.763,09
205;ESCOLA DE SAÚDE;OBRIGAÇÕES CONTRIBUTIVAS;2005.0;R$         2.974,35
205;ESCOLA DE SAÚDE;SERV. PESSOA FÍSICA;2005.0;R$        18.871,73
205;ESCOLA DE SAÚDE;SERV. PESSOA JURÍDICA;2005.0;R$       215.500,30
205;ESCOLA DE SAÚDE;DIÁRIAS;2005.0;R$        19.028,37
1491;FARMACIA ESCOLA;MATERIAL DE CONSUMO;2005.0;R$        13.283,63
1456;FUNDO DE EXTENSÃO;MATERIAL DE CONSUMO;2005.0;R$       401.032,58
1456;FUNDO DE EXTENSÃO;OBRIGAÇÕES CONTRIBUTIVAS;2005.0;R$           683,63
1456;FUNDO DE EXTENSÃO;PASSAGENS;2005.0;R$        57.631,72
1456;FUNDO DE EXTENSÃO;SERV. PESSOA FÍSICA;2005.0;R$         8.478,15
1456;FUNDO DE EXTENSÃO;SERV. PESSOA JURÍDICA;2005.0;R$       149.698,09
1456;FUNDO DE EXTENSÃO;DIÁRIAS;2005.0;R$        36.706,95
1456;FUNDO DE EXTENSÃO;AUX. FINANCEIRO ESTUDANTE;2005.0;R$       116.242,00
1468;FUNDO DE GRADUAÇÃO;OBRIGAÇÕES CONTRIBUTIVAS;2005.0;R$         2.000,00
1468;FUNDO DE GRADUAÇÃO;DIÁRIAS;2005.0;R$         2.200,00
1468;FUNDO DE GRADUAÇÃO;AUX. FINANCEIRO ESTUDANTE;2005.0;R$       163.490,00
1468;FUNDO DE GRADUAÇÃO;SERV. PESSOA JURÍDICA;2005.0;R$       168.000,00
1468;FUNDO DE GRADUAÇÃO;SERV. PESSOA FÍSICA;2005.0;R$        10.000,00
1468;FUNDO DE GRADUAÇÃO;PASSAGENS;2005.0;R$         5.000,00
1455;FUNDO DE PESQUISA;MATERIAL DE CONSUMO;2005.0;R$       434.000,00
1455;FUNDO DE PESQUISA;SERV. PESSOA JURÍDICA;2005.0;R$        12.844,00
1455;FUNDO DE PESQUISA;PASSAGENS;2005.0;R$         2.117,07
1455;FUNDO DE PESQUISA;AUX. FINANCEIRO ESTUDANTE;2005.0;R$        24.070,00
1454;FUNDO DE PÓS-GRADUAÇÃO;AUX. FINANCEIRO ESTUDANTE;2005.0;R$           800,00
1454;FUNDO DE PÓS-GRADUAÇÃO;PASSAGENS;2005.0;R$         5.570,22
1454;FUNDO DE PÓS-GRADUAÇÃO;SERV. PESSOA JURÍDICA;2005.0;R$           311,63
1454;FUNDO DE PÓS-GRADUAÇÃO;DIÁRIAS;2005.0;R$       103.540,69
262;GABINETE DO REITOR;PASSAGENS;2005.0;R$       105.364,11
262;GABINETE DO REITOR;AUX. FINANCEIRO ESTUDANTE;2005.0;R$        25.991,00
262;GABINETE DO REITOR;DIÁRIAS;2005.0;R$        43.012,74
262;GABINETE DO REITOR;LOC. MÃO-DE-OBRA;2005.0;R$       228.365,47
262;GABINETE DO REITOR;SERV. PESSOA JURÍDICA;2005.0;R$       308.577,93
262;GABINETE DO REITOR;SERV. PESSOA FÍSICA;2005.0;R$         3.383,82
262;GABINETE DO REITOR;MATERIAL DE CONSUMO;2005.0;R$       120.596,71
262;GABINETE DO REITOR;OBRIGAÇÕES CONTRIBUTIVAS;2005.0;R$           225,80
262;GABINETE DO REITOR;EQUIP. MATERIAL PERMANENTE;2005.0;R$        22.291,10
1447;GASTOS COMUNS;OBRIGAÇÕES CONTRIBUTIVAS;2005.0;R$        23.036,04
1447;GASTOS COMUNS;DIV.EXERCÍCIOS ANTERIORES;2005.0;R$         6.586,97
1447;GASTOS COMUNS;LOC. MÃO-DE-OBRA;2005.0;R$     2.778.656,29
1447;GASTOS COMUNS;MATERIAL DE CONSUMO;2005.0;R$     2.381.692,21
1447;GASTOS COMUNS;SERV. PESSOA FÍSICA;2005.0;R$        25.577,17
1447;GASTOS COMUNS;SERV. PESSOA JURÍDICA;2005.0;R$    16.365.711,84
1424;HOSPED - HOSPITAL DE PEDIATRIA;EQUIP. MATERIAL PERMANENTE;2005.0;R$         7.621,00
1424;HOSPED - HOSPITAL DE PEDIATRIA;SERV. PESSOA JURÍDICA;2005.0;R$       396.981,49
1424;HOSPED - HOSPITAL DE PEDIATRIA;MATERIAL DE CONSUMO;2005.0;R$       203.017,52
1424;HOSPED - HOSPITAL DE PEDIATRIA;LOC. MÃO-DE-OBRA;2005.0;R$        37.406,76
285;HOSPITAL UNIVERSITARIO ANA BEZERRA;INDENIZAÇÕES E RESTITUIÇÕE;2005.0;R$        12.137,58
285;HOSPITAL UNIVERSITARIO ANA BEZERRA;MATERIAL DE CONSUMO;2005.0;R$       435.169,57
285;HOSPITAL UNIVERSITARIO ANA BEZERRA;LOC. MÃO-DE-OBRA;2005.0;R$       579.552,54
285;HOSPITAL UNIVERSITARIO ANA BEZERRA;EQUIP. MATERIAL PERMANENTE;2005.0;R$        26.988,45
285;HOSPITAL UNIVERSITARIO ANA BEZERRA;AUX. FINANCEIRO ESTUDANTE;2005.0;R$        14.249,00
285;HOSPITAL UNIVERSITARIO ANA BEZERRA;DIÁRIAS;2005.0;R$        26.462,82
285;HOSPITAL UNIVERSITARIO ANA BEZERRA;DIV.EXERCÍCIOS ANTERIORES;2005.0;R$        16.249,82
285;HOSPITAL UNIVERSITARIO ANA BEZERRA;SERV. PESSOA JURÍDICA;2005.0;R$     1.076.443,76
285;HOSPITAL UNIVERSITARIO ANA BEZERRA;SERV. PESSOA FÍSICA;2005.0;R$        58.024,50
285;HOSPITAL UNIVERSITARIO ANA BEZERRA;PASSAGENS;2005.0;R$        45.212,74
285;HOSPITAL UNIVERSITARIO ANA BEZERRA;OBRIGAÇÕES CONTRIBUTIVAS;2005.0;R$        11.605,30
446;HOSPITAL UNIVERSITÁRIO ONOFRE LOPES;MATERIAL DE CONSUMO;2005.0;R$       526.672,21
446;HOSPITAL UNIVERSITÁRIO ONOFRE LOPES;SERV. PESSOA JURÍDICA;2005.0;R$     1.135.577,14
446;HOSPITAL UNIVERSITÁRIO ONOFRE LOPES;EQUIP. MATERIAL PERMANENTE;2005.0;R$        96.847,33
338;HUOL - SERVIÇO DE ABASTECIMENTO FARMACÊUTICO;MATERIAL DE CONSUMO;2005.0;R$         6.400,00
1465;JOGOS UNIVERSITÁRIOS;DIÁRIAS;2005.0;R$         1.271,39
1465;JOGOS UNIVERSITÁRIOS;SERV. PESSOA FÍSICA;2005.0;R$        22.596,85
1465;JOGOS UNIVERSITÁRIOS;AUX. FINANCEIRO ESTUDANTE;2005.0;R$        32.995,00
1465;JOGOS UNIVERSITÁRIOS;SERV. PESSOA JURÍDICA;2005.0;R$        21.668,45
1465;JOGOS UNIVERSITÁRIOS;MATERIAL DE CONSUMO;2005.0;R$        19.229,14
1465;JOGOS UNIVERSITÁRIOS;OBRIGAÇÕES CONTRIBUTIVAS;2005.0;R$         4.005,95
1495;LABORATORIO DE COMUNICACAO;EQUIP. MATERIAL PERMANENTE;2005.0;R$        33.772,00
1497;LABORATORIO DE ELETRONICA;MATERIAL DE CONSUMO;2005.0;R$        11.940,24
1497;LABORATORIO DE ELETRONICA;SERV. PESSOA JURÍDICA;2005.0;R$         4.167,92
1497;LABORATORIO DE ELETRONICA;EQUIP. MATERIAL PERMANENTE;2005.0;R$       159.657,90
1492;LABORATORIO DE ENGENHARIA BIOMEDICA;SERV. PESSOA JURÍDICA;2005.0;R$         5.541,84
1492;LABORATORIO DE ENGENHARIA BIOMEDICA;MATERIAL DE CONSUMO;2005.0;R$         6.502,59
1462;MANUTENÇÃO DA REITORIA;SERV. PESSOA FÍSICA;2005.0;R$         5.436,13
1462;MANUTENÇÃO DA REITORIA;OBRIGAÇÕES CONTRIBUTIVAS;2005.0;R$         1.087,22
1462;MANUTENÇÃO DA REITORIA;MATERIAL DE CONSUMO;2005.0;R$        63.403,69
1462;MANUTENÇÃO DA REITORIA;DIV.EXERCÍCIOS ANTERIORES;2005.0;R$           373,80
1462;MANUTENÇÃO DA REITORIA;EQUIP. MATERIAL PERMANENTE;2005.0;R$       908.708,16
1462;MANUTENÇÃO DA REITORIA;SERV. PESSOA JURÍDICA;2005.0;R$       199.874,77
447;MATERNIDADE ESCOLA JANUÁRIO CICCO;SERV. PESSOA JURÍDICA;2005.0;R$       372.838,77
447;MATERNIDADE ESCOLA JANUÁRIO CICCO;EQUIP. MATERIAL PERMANENTE;2005.0;R$        56.402,97
447;MATERNIDADE ESCOLA JANUÁRIO CICCO;MATERIAL DE CONSUMO;2005.0;R$       346.662,74
1461;MONITORIA;SERV. PESSOA FÍSICA;2005.0;R$       768.776,92
290;MUSEU CÂMARA CASCUDO;AUX. FINANCEIRO ESTUDANTE;2005.0;R$        12.700,00
290;MUSEU CÂMARA CASCUDO;MATERIAL DE CONSUMO;2005.0;R$        27.683,84
290;MUSEU CÂMARA CASCUDO;OBRIGAÇÕES CONTRIBUTIVAS;2005.0;R$           544,05
290;MUSEU CÂMARA CASCUDO;SERV. PESSOA FÍSICA;2005.0;R$         2.216,25
290;MUSEU CÂMARA CASCUDO;SERV. PESSOA JURÍDICA;2005.0;R$        58.579,58
290;MUSEU CÂMARA CASCUDO;LOC. MÃO-DE-OBRA;2005.0;R$        65.836,67
290;MUSEU CÂMARA CASCUDO;DIÁRIAS;2005.0;R$        10.000,00
290;MUSEU CÂMARA CASCUDO;DIV.EXERCÍCIOS ANTERIORES;2005.0;R$           700,00
290;MUSEU CÂMARA CASCUDO;EQUIP. MATERIAL PERMANENTE;2005.0;R$        11.244,10
1488;NÚCLEO CÂMARA CASCUDO DE ESTUDOS;SERV. PESSOA JURÍDICA;2005.0;R$           300,00
1488;NÚCLEO CÂMARA CASCUDO DE ESTUDOS;SERV. PESSOA FÍSICA;2005.0;R$           300,00
1488;NÚCLEO CÂMARA CASCUDO DE ESTUDOS;MATERIAL DE CONSUMO;2005.0;R$         1.000,00
252;NUCLEO DE PESQUISA EM ALIMENTOS E MEDICAMENTOS;EQUIP. MATERIAL PERMANENTE;2005.0;R$     2.935.436,00
252;NUCLEO DE PESQUISA EM ALIMENTOS E MEDICAMENTOS;SERV. PESSOA JURÍDICA;2005.0;R$     1.194.251,53
252;NUCLEO DE PESQUISA EM ALIMENTOS E MEDICAMENTOS;PASSAGENS;2005.0;R$         9.022,72
252;NUCLEO DE PESQUISA EM ALIMENTOS E MEDICAMENTOS;OBRAS E INSTALAÇÕES;2005.0;R$       353.302,02
252;NUCLEO DE PESQUISA EM ALIMENTOS E MEDICAMENTOS;MATERIAL DE CONSUMO;2005.0;R$       128.739,47
252;NUCLEO DE PESQUISA EM ALIMENTOS E MEDICAMENTOS;LOC. MÃO-DE-OBRA;2005.0;R$        46.704,86
252;NUCLEO DE PESQUISA EM ALIMENTOS E MEDICAMENTOS;DIV.EXERCÍCIOS ANTERIORES;2005.0;R$        13.324,23
252;NUCLEO DE PESQUISA EM ALIMENTOS E MEDICAMENTOS;DIÁRIAS;2005.0;R$         2.076,00
1467;NÚCLEO DE REDES AVANÇADAS;SERV. PESSOA JURÍDICA;2005.0;R$           495,33
253;NÚCLEO PERMANENTE DE CONCURSOS;DIÁRIAS;2005.0;R$         5.000,00
253;NÚCLEO PERMANENTE DE CONCURSOS;DIV.EXERCÍCIOS ANTERIORES;2005.0;R$         2.849,08
253;NÚCLEO PERMANENTE DE CONCURSOS;EQUIP. MATERIAL PERMANENTE;2005.0;R$     2.212.300,68
253;NÚCLEO PERMANENTE DE CONCURSOS;SERV. PESSOA JURÍDICA;2005.0;R$       708.896,43
253;NÚCLEO PERMANENTE DE CONCURSOS;AUX. FINANCEIRO ESTUDANTE;2005.0;R$       380.227,00
253;NÚCLEO PERMANENTE DE CONCURSOS;OBRIGAÇÕES CONTRIBUTIVAS;2005.0;R$     3.130.416,75
253;NÚCLEO PERMANENTE DE CONCURSOS;SERV. PESSOA FÍSICA;2005.0;R$       421.999,71
253;NÚCLEO PERMANENTE DE CONCURSOS;LOC. MÃO-DE-OBRA;2005.0;R$        49.397,68
253;NÚCLEO PERMANENTE DE CONCURSOS;PASSAGENS;2005.0;R$        23.787,08
253;NÚCLEO PERMANENTE DE CONCURSOS;MATERIAL DE CONSUMO;2005.0;R$       396.282,68
1469;PAIUB;AUX. FINANCEIRO ESTUDANTE;2005.0;R$        27.650,00
1469;PAIUB;OBRIGAÇÕES CONTRIBUTIVAS;2005.0;R$           180,00
1469;PAIUB;MATERIAL DE CONSUMO;2005.0;R$        14.670,00
1469;PAIUB;PASSAGENS;2005.0;R$         5.000,00
1469;PAIUB;DIÁRIAS;2005.0;R$         6.585,36
1469;PAIUB;SERV. PESSOA JURÍDICA;2005.0;R$        10.000,00
1469;PAIUB;SERV. PESSOA FÍSICA;2005.0;R$           900,00
1464;PARQUE POLIESPORTIVO;AUX. FINANCEIRO ESTUDANTE;2005.0;R$           300,00
1464;PARQUE POLIESPORTIVO;DIÁRIAS;2005.0;R$           139,96
1464;PARQUE POLIESPORTIVO;MATERIAL DE CONSUMO;2005.0;R$        37.724,75
1464;PARQUE POLIESPORTIVO;SERV. PESSOA JURÍDICA;2005.0;R$        21.246,26
1448;PASEP;EQUIP. MATERIAL PERMANENTE;2005.0;R$        11.014,18
1448;PASEP;OBRIGAÇÕES CONTRIBUTIVAS;2005.0;R$        35.309,61
1460;PRH/CONCURSOS;OBRIGAÇÕES CONTRIBUTIVAS;2005.0;R$           538,44
1460;PRH/CONCURSOS;SERV. PESSOA FÍSICA;2005.0;R$           706,00
1460;PRH/CONCURSOS;EQUIP. MATERIAL PERMANENTE;2005.0;R$        81.731,78
251;PROAE - COORDENADORIA DO SISTEMA DE RESTAURANTES UNIVERSITÁRIOS;DIÁRIAS;2005.0;R$           433,59
251;PROAE - COORDENADORIA DO SISTEMA DE RESTAURANTES UNIVERSITÁRIOS;MATERIAL DE CONSUMO;2005.0;R$     2.698.619,01
251;PROAE - COORDENADORIA DO SISTEMA DE RESTAURANTES UNIVERSITÁRIOS;SERV. PESSOA JURÍDICA;2005.0;R$        83.945,70
251;PROAE - COORDENADORIA DO SISTEMA DE RESTAURANTES UNIVERSITÁRIOS;LOC. MÃO-DE-OBRA;2005.0;R$       648.135,43
251;PROAE - COORDENADORIA DO SISTEMA DE RESTAURANTES UNIVERSITÁRIOS;EQUIP. MATERIAL PERMANENTE;2005.0;R$        28.630,98
251;PROAE - COORDENADORIA DO SISTEMA DE RESTAURANTES UNIVERSITÁRIOS;DIV.EXERCÍCIOS ANTERIORES;2005.0;R$           657,00
251;PROAE - COORDENADORIA DO SISTEMA DE RESTAURANTES UNIVERSITÁRIOS;AUX. FINANCEIRO ESTUDANTE;2005.0;R$         3.389,00
1422;PRÓ-REITORIA DE ADMINISTRAÇÃO (PROAD);LOC. MÃO-DE-OBRA;2005.0;R$       226.009,22
1422;PRÓ-REITORIA DE ADMINISTRAÇÃO (PROAD);SERV. PESSOA JURÍDICA;2005.0;R$       336.848,90
1422;PRÓ-REITORIA DE ADMINISTRAÇÃO (PROAD);AUX. FINANCEIRO ESTUDANTE;2005.0;R$         1.491,92
1422;PRÓ-REITORIA DE ADMINISTRAÇÃO (PROAD);DIÁRIAS;2005.0;R$        26.632,44
1422;PRÓ-REITORIA DE ADMINISTRAÇÃO (PROAD);DIV.EXERCÍCIOS ANTERIORES;2005.0;R$        37.594,56
1422;PRÓ-REITORIA DE ADMINISTRAÇÃO (PROAD);EQUIP. MATERIAL PERMANENTE;2005.0;R$        22.295,00
1422;PRÓ-REITORIA DE ADMINISTRAÇÃO (PROAD);INDENIZAÇÕES E RESTITUIÇÕE;2005.0;R$         3.200,43
1422;PRÓ-REITORIA DE ADMINISTRAÇÃO (PROAD);MATERIAL DE CONSUMO;2005.0;R$       135.650,37
1422;PRÓ-REITORIA DE ADMINISTRAÇÃO (PROAD);OBRIGAÇÕES CONTRIBUTIVAS;2005.0;R$         4.359,43
1422;PRÓ-REITORIA DE ADMINISTRAÇÃO (PROAD);PASSAGENS;2005.0;R$        55.382,66
1422;PRÓ-REITORIA DE ADMINISTRAÇÃO (PROAD);SERV. PESSOA FÍSICA;2005.0;R$        22.177,18
248;PRÓ-REITORIA DE ASSUNTOS ESTUDANTIS (PROAE);EQUIP. MATERIAL PERMANENTE;2005.0;R$         6.849,00
248;PRÓ-REITORIA DE ASSUNTOS ESTUDANTIS (PROAE);SERV. PESSOA JURÍDICA;2005.0;R$        99.106,03
248;PRÓ-REITORIA DE ASSUNTOS ESTUDANTIS (PROAE);SERV. PESSOA FÍSICA;2005.0;R$           595,30
248;PRÓ-REITORIA DE ASSUNTOS ESTUDANTIS (PROAE);MATERIAL DE CONSUMO;2005.0;R$        53.871,53
248;PRÓ-REITORIA DE ASSUNTOS ESTUDANTIS (PROAE);OBRIGAÇÕES CONTRIBUTIVAS;2005.0;R$           119,06
248;PRÓ-REITORIA DE ASSUNTOS ESTUDANTIS (PROAE);DIV.EXERCÍCIOS ANTERIORES;2005.0;R$           216,67
248;PRÓ-REITORIA DE ASSUNTOS ESTUDANTIS (PROAE);PASSAGENS;2005.0;R$         8.798,97
248;PRÓ-REITORIA DE ASSUNTOS ESTUDANTIS (PROAE);AUX. FINANCEIRO ESTUDANTE;2005.0;R$        89.621,00
248;PRÓ-REITORIA DE ASSUNTOS ESTUDANTIS (PROAE);DIÁRIAS;2005.0;R$        18.434,96
248;PRÓ-REITORIA DE ASSUNTOS ESTUDANTIS (PROAE);LOC. MÃO-DE-OBRA;2005.0;R$        98.148,35
17;PRÓ-REITORIA DE EXTENSÃO UNIVERSITÁRIA;SERV. PESSOA JURÍDICA;2005.0;R$        45.008,47
17;PRÓ-REITORIA DE EXTENSÃO UNIVERSITÁRIA;EQUIP. MATERIAL PERMANENTE;2005.0;R$           546,00
17;PRÓ-REITORIA DE EXTENSÃO UNIVERSITÁRIA;DIÁRIAS;2005.0;R$        11.621,54
17;PRÓ-REITORIA DE EXTENSÃO UNIVERSITÁRIA;MATERIAL DE CONSUMO;2005.0;R$        21.701,01
17;PRÓ-REITORIA DE EXTENSÃO UNIVERSITÁRIA;PASSAGENS;2005.0;R$        16.193,67
1421;PRÓ-REITORIA DE GESTÃO DE PESSOAS;SERV. PESSOA JURÍDICA;2005.0;R$       334.422,20
1421;PRÓ-REITORIA DE GESTÃO DE PESSOAS;DIV.EXERCÍCIOS ANTERIORES;2005.0;R$         2.660,00
1421;PRÓ-REITORIA DE GESTÃO DE PESSOAS;EQUIP. MATERIAL PERMANENTE;2005.0;R$       178.398,44
1421;PRÓ-REITORIA DE GESTÃO DE PESSOAS;AUX. FINANCEIRO ESTUDANTE;2005.0;R$        31.658,04
1421;PRÓ-REITORIA DE GESTÃO DE PESSOAS;SERV. PESSOA FÍSICA;2005.0;R$        65.809,61
1421;PRÓ-REITORIA DE GESTÃO DE PESSOAS;OBRIGAÇÕES CONTRIBUTIVAS;2005.0;R$        11.019,06
1421;PRÓ-REITORIA DE GESTÃO DE PESSOAS;PASSAGENS;2005.0;R$        25.913,54
1421;PRÓ-REITORIA DE GESTÃO DE PESSOAS;MATERIAL DE CONSUMO;2005.0;R$       138.425,32
1421;PRÓ-REITORIA DE GESTÃO DE PESSOAS;DIÁRIAS;2005.0;R$        29.009,77
1421;PRÓ-REITORIA DE GESTÃO DE PESSOAS;INDENIZAÇÕES E RESTITUIÇÕE;2005.0;R$         5.111,67
1421;PRÓ-REITORIA DE GESTÃO DE PESSOAS;LOC. MÃO-DE-OBRA;2005.0;R$        65.929,23
3;PRÓ-REITORIA DE GRADUAÇÃO;SERV. PESSOA JURÍDICA;2005.0;R$       126.050,62
3;PRÓ-REITORIA DE GRADUAÇÃO;AUX. FINANCEIRO ESTUDANTE;2005.0;R$        54.458,00
3;PRÓ-REITORIA DE GRADUAÇÃO;EQUIP. MATERIAL PERMANENTE;2005.0;R$        10.926,00
3;PRÓ-REITORIA DE GRADUAÇÃO;MATERIAL DE CONSUMO;2005.0;R$        20.443,21
3;PRÓ-REITORIA DE GRADUAÇÃO;OBRIGAÇÕES CONTRIBUTIVAS;2005.0;R$            85,86
3;PRÓ-REITORIA DE GRADUAÇÃO;PASSAGENS;2005.0;R$        24.182,93
3;PRÓ-REITORIA DE GRADUAÇÃO;SERV. PESSOA FÍSICA;2005.0;R$           430,29
3;PRÓ-REITORIA DE GRADUAÇÃO;DIÁRIAS;2005.0;R$        12.413,19
1481;PRÓ-REITORIA DE PESQUISA;DIÁRIAS;2005.0;R$        10.635,05
1481;PRÓ-REITORIA DE PESQUISA;AUX. FINANCEIRO ESTUDANTE;2005.0;R$        10.635,00
1481;PRÓ-REITORIA DE PESQUISA;EQUIP. MATERIAL PERMANENTE;2005.0;R$         1.360,00
1481;PRÓ-REITORIA DE PESQUISA;MATERIAL DE CONSUMO;2005.0;R$         6.698,94
1481;PRÓ-REITORIA DE PESQUISA;PASSAGENS;2005.0;R$        22.079,82
1481;PRÓ-REITORIA DE PESQUISA;PREMIAÇÕES CULT., E OUTRAS;2005.0;R$         1.050,00
1481;PRÓ-REITORIA DE PESQUISA;SERV. PESSOA JURÍDICA;2005.0;R$        37.493,84
1449;PRÓ-REITORIA DE PLANEJAMENTO;DIÁRIAS;2005.0;R$        12.975,99
1449;PRÓ-REITORIA DE PLANEJAMENTO;EQUIP. MATERIAL PERMANENTE;2005.0;R$         6.730,90
1449;PRÓ-REITORIA DE PLANEJAMENTO;MATERIAL DE CONSUMO;2005.0;R$        18.189,80
1449;PRÓ-REITORIA DE PLANEJAMENTO;SERV. PESSOA JURÍDICA;2005.0;R$        90.644,23
1449;PRÓ-REITORIA DE PLANEJAMENTO;SERV. PESSOA FÍSICA;2005.0;R$         1.440,00
1449;PRÓ-REITORIA DE PLANEJAMENTO;PASSAGENS;2005.0;R$        19.626,29
1449;PRÓ-REITORIA DE PLANEJAMENTO;AUX. FINANCEIRO ESTUDANTE;2005.0;R$        18.200,00
1449;PRÓ-REITORIA DE PLANEJAMENTO;OBRIGAÇÕES CONTRIBUTIVAS;2005.0;R$           384,00
1483;PRÓ-REITORIA DE PÓS GRADUAÇÃO;PASSAGENS;2005.0;R$        13.188,30
1483;PRÓ-REITORIA DE PÓS GRADUAÇÃO;OBRIGAÇÕES CONTRIBUTIVAS;2005.0;R$           728,00
1483;PRÓ-REITORIA DE PÓS GRADUAÇÃO;MATERIAL DE CONSUMO;2005.0;R$        45.886,79
1483;PRÓ-REITORIA DE PÓS GRADUAÇÃO;LOC. MÃO-DE-OBRA;2005.0;R$         4.793,91
1483;PRÓ-REITORIA DE PÓS GRADUAÇÃO;DIÁRIAS;2005.0;R$        12.000,00
1483;PRÓ-REITORIA DE PÓS GRADUAÇÃO;SERV. PESSOA JURÍDICA;2005.0;R$        34.703,70
1483;PRÓ-REITORIA DE PÓS GRADUAÇÃO;SERV. PESSOA FÍSICA;2005.0;R$         4.120,00
1458;RESERVA TÉCNICA;TRANSF.PJ;2005.0;R$       300.000,00
1458;RESERVA TÉCNICA;TRANSF.OBRAS;2005.0;R$     4.285.267,48
1458;RESERVA TÉCNICA;SERV. PESSOA JURÍDICA;2005.0;R$     3.909.045,68
1458;RESERVA TÉCNICA;SERV. PESSOA FÍSICA;2005.0;R$       147.826,20
1458;RESERVA TÉCNICA;RESIDÊNCIA MÉDICA;2005.0;R$         3.317,10
1458;RESERVA TÉCNICA;PASSAGENS;2005.0;R$        47.287,50
1458;RESERVA TÉCNICA;OBRAS E INSTALAÇÕES;2005.0;R$    13.539.624,90
1458;RESERVA TÉCNICA;OBRIGAÇÕES CONTRIBUTIVAS;2005.0;R$     1.811.619,77
1458;RESERVA TÉCNICA;MATERIAL DE CONSUMO;2005.0;R$       946.025,53
1458;RESERVA TÉCNICA;LOC. MÃO-DE-OBRA;2005.0;R$        95.699,74
1458;RESERVA TÉCNICA;EQUIP. MATERIAL PERMANENTE;2005.0;R$    11.574.536,69
1458;RESERVA TÉCNICA;DIV.EXERCÍCIOS ANTERIORES;2005.0;R$       212.091,56
1458;RESERVA TÉCNICA;DIÁRIAS;2005.0;R$        26.988,47
1458;RESERVA TÉCNICA;AUX. FINANCEIRO ESTUDANTE;2005.0;R$       185.920,07
1463;RESIDENCIAS UNIVERSITÁRIAS;SERV. PESSOA FÍSICA;2005.0;R$           217,00
1463;RESIDENCIAS UNIVERSITÁRIAS;DIÁRIAS;2005.0;R$         4.381,77
1463;RESIDENCIAS UNIVERSITÁRIAS;DIV.EXERCÍCIOS ANTERIORES;2005.0;R$           433,83
1463;RESIDENCIAS UNIVERSITÁRIAS;EQUIP. MATERIAL PERMANENTE;2005.0;R$         4.897,59
1463;RESIDENCIAS UNIVERSITÁRIAS;MATERIAL DE CONSUMO;2005.0;R$        87.789,89
1463;RESIDENCIAS UNIVERSITÁRIAS;AUX. FINANCEIRO ESTUDANTE;2005.0;R$         6.245,00
1463;RESIDENCIAS UNIVERSITÁRIAS;SERV. PESSOA JURÍDICA;2005.0;R$        11.974,90
1480;SECRETARIA DE EDUCAÇÃO A DISTÂNCIA;SERV. PESSOA JURÍDICA;2005.0;R$        17.929,21
1480;SECRETARIA DE EDUCAÇÃO A DISTÂNCIA;EQUIP. MATERIAL PERMANENTE;2005.0;R$        15.053,20
1480;SECRETARIA DE EDUCAÇÃO A DISTÂNCIA;DIÁRIAS;2005.0;R$        12.487,71
1480;SECRETARIA DE EDUCAÇÃO A DISTÂNCIA;MATERIAL DE CONSUMO;2005.0;R$        60.438,73
1480;SECRETARIA DE EDUCAÇÃO A DISTÂNCIA;OBRIGAÇÕES CONTRIBUTIVAS;2005.0;R$           345,43
1480;SECRETARIA DE EDUCAÇÃO A DISTÂNCIA;PASSAGENS;2005.0;R$        19.983,21
1480;SECRETARIA DE EDUCAÇÃO A DISTÂNCIA;SERV. PESSOA FÍSICA;2005.0;R$         1.715,15
1560;SESU PORTARIA 73;MATERIAL DE CONSUMO;2005.0;R$       326.329,43
1560;SESU PORTARIA 73;SERV. PESSOA JURÍDICA;2005.0;R$       917.713,82
19;SUPERINTENDENCIA DE COMUNICACAO;SERV. PESSOA JURÍDICA;2005.0;R$       239.144,76
19;SUPERINTENDENCIA DE COMUNICACAO;DIÁRIAS;2005.0;R$        15.804,86
19;SUPERINTENDENCIA DE COMUNICACAO;EQUIP. MATERIAL PERMANENTE;2005.0;R$       819.730,29
19;SUPERINTENDENCIA DE COMUNICACAO;MATERIAL DE CONSUMO;2005.0;R$        66.307,75
19;SUPERINTENDENCIA DE COMUNICACAO;PASSAGENS;2005.0;R$         9.586,49
19;SUPERINTENDENCIA DE COMUNICACAO;SERV. PESSOA FÍSICA;2005.0;R$           450,00
19;SUPERINTENDENCIA DE COMUNICACAO;OBRIGAÇÕES CONTRIBUTIVAS;2005.0;R$            90,00
19;SUPERINTENDENCIA DE COMUNICACAO;LOC. MÃO-DE-OBRA;2005.0;R$       132.395,39
20;SUPERINTENDÊNCIA DE INFRAESTRUTURA;SERV. PESSOA JURÍDICA;2005.0;R$       145.304,38
20;SUPERINTENDÊNCIA DE INFRAESTRUTURA;AUX. FINANCEIRO ESTUDANTE;2005.0;R$         6.300,00
20;SUPERINTENDÊNCIA DE INFRAESTRUTURA;DIÁRIAS;2005.0;R$         6.000,00
20;SUPERINTENDÊNCIA DE INFRAESTRUTURA;EQUIP. MATERIAL PERMANENTE;2005.0;R$         5.831,00
20;SUPERINTENDÊNCIA DE INFRAESTRUTURA;MATERIAL DE CONSUMO;2005.0;R$       226.019,39
20;SUPERINTENDÊNCIA DE INFRAESTRUTURA;OBRIGAÇÕES CONTRIBUTIVAS;2005.0;R$           500,00
20;SUPERINTENDÊNCIA DE INFRAESTRUTURA;SERV. PESSOA FÍSICA;2005.0;R$         2.500,00
2;SUPERINTENDÊNCIA DE TECNOLOGIA DA INFORMAÇÃO;EQUIP. MATERIAL PERMANENTE;2005.0;R$        89.024,00
2;SUPERINTENDÊNCIA DE TECNOLOGIA DA INFORMAÇÃO;LOC. MÃO-DE-OBRA;2005.0;R$        22.860,85
2;SUPERINTENDÊNCIA DE TECNOLOGIA DA INFORMAÇÃO;MATERIAL DE CONSUMO;2005.0;R$        25.093,53
2;SUPERINTENDÊNCIA DE TECNOLOGIA DA INFORMAÇÃO;PASSAGENS;2005.0;R$         5.469,69
2;SUPERINTENDÊNCIA DE TECNOLOGIA DA INFORMAÇÃO;SERV. PESSOA JURÍDICA;2005.0;R$        46.214,95
2;SUPERINTENDÊNCIA DE TECNOLOGIA DA INFORMAÇÃO;DIÁRIAS;2005.0;R$         7.466,00
2;SUPERINTENDÊNCIA DE TECNOLOGIA DA INFORMAÇÃO;DIV.EXERCÍCIOS ANTERIORES;2005.0;R$         3.825,30
1451;SUSTENTAÇÃO DE ESTOQUE DO ALMOXARIFADO CENTRAL;SERV. PESSOA JURÍDICA;2005.0;R$        57.696,21
1451;SUSTENTAÇÃO DE ESTOQUE DO ALMOXARIFADO CENTRAL;MATERIAL DE CONSUMO;2005.0;R$     1.669.880,68
1430;SUSTENTAÇÃO DE ESTOQUE DO ALMOXARIFADO DA SUP. INFRAESTRUTURA;MATERIAL DE CONSUMO;2005.0;R$       553.826,76
1430;SUSTENTAÇÃO DE ESTOQUE DO ALMOXARIFADO DA SUP. INFRAESTRUTURA;SERV. PESSOA JURÍDICA;2005.0;R$        53.095,46
605;UNIVERSIDADE FEDERAL DO RIO GRANDE DO NORTE;OBRIGAÇÕES CONTRIBUTIVAS;2005.0;R$     1.007.699,81
605;UNIVERSIDADE FEDERAL DO RIO GRANDE DO NORTE;PASSAGENS;2005.0;R$       518.102,16
605;UNIVERSIDADE FEDERAL DO RIO GRANDE DO NORTE;INDENIZAÇÕES E RESTITUIÇÕE;2005.0;R$         6.068,79
605;UNIVERSIDADE FEDERAL DO RIO GRANDE DO NORTE;EQUIP. MATERIAL PERMANENTE;2005.0;R$    10.622.610,40
605;UNIVERSIDADE FEDERAL DO RIO GRANDE DO NORTE;DIV.EXERCÍCIOS ANTERIORES;2005.0;R$       152.957,20
605;UNIVERSIDADE FEDERAL DO RIO GRANDE DO NORTE;DIÁRIAS;2005.0;R$       574.868,10
605;UNIVERSIDADE FEDERAL DO RIO GRANDE DO NORTE;AUX. FINANCEIRO ESTUDANTE;2005.0;R$     1.871.418,86
605;UNIVERSIDADE FEDERAL DO RIO GRANDE DO NORTE;SERV. PESSOA JURÍDICA;2005.0;R$    16.088.388,64
605;UNIVERSIDADE FEDERAL DO RIO GRANDE DO NORTE;SERV. PESSOA FÍSICA;2005.0;R$       545.543,15
605;UNIVERSIDADE FEDERAL DO RIO GRANDE DO NORTE;LOC. MÃO-DE-OBRA;2005.0;R$     3.322.092,32
605;UNIVERSIDADE FEDERAL DO RIO GRANDE DO NORTE;MATERIAL DE CONSUMO;2005.0;R$     6.991.005,63
605;UNIVERSIDADE FEDERAL DO RIO GRANDE DO NORTE;OBRAS E INSTALAÇÕES;2005.0;R$     6.468.656,40
